1,hassan,hassan@gmail.com,password
2,Ali,ali@gmail.com,$2b$10$3AO216OGf9Muae2yPbFcUOeemByfrOWaEgInTuMluPt0p5X66.Wfa
3,Ahmad,hassanag.89@gmail.com,$2b$10$YDaPS4iYoX1HVIZy/VjRCuAQWVZyq.o42hkO4OYHLxtRlvOnhmyn.
4,khan,khan@gmail.com,$2b$10$SoRPYQ6W6rq8xKftkLgM5OJWrPJ8d/5blc35Ku9qdxjNT70zx6c82
5,imran,imran@gmail.com,$2b$10$oypu0TAyDUA5DKP7zC167ePssw9n3cjR13dRZl/s26eYAwAG6O74S
6,shah,shah@gmail.com,$2b$10$gC5LGyDnQd1D/dMWoJPFoOnSue5V.7wBBGlCXZc3Fj/xPFdh4CdTm
7,fatima,fatima@gmail.com,$2b$10$XWmWOHs85OyVHPpqMtxfGeUDfPR.MT/y9.9OHmOEedWq6De1xlgfW
8,sara,sara@gmail.com,$2b$10$8qhRfyDr3ec6FyS4moDHw.UeSu/..JfpeE7tC4vMl1BSrwXoyR6T.
9,Raees,raees@gmail.com,$2b$10$AcyKo.JkW.2SthKMBtHMLuiC9ztUyeZFFM.ThEFIW36NIUDW9fzF2
10,zara,zara@gmail.com,$2b$10$8oUUffXHO1MPGdelVNwTpuJk7l9sr4UDZ4zX0omojcknkOWPLTHqK
